USE shelfmaster_db;

-- Categories
INSERT INTO Categories (CategoryId, CategoryName, Description) VALUES
('00000000-0000-0000-0000-000000000001', 'Programming', 'Software development & engineering'),
('00000000-0000-0000-0000-000000000002', 'Fiction', 'Contemporary and classic fiction'),
('00000000-0000-0000-0000-000000000003', 'Data Science', 'Analytics, ML, and AI titles'),
('00000000-0000-0000-0000-000000000004', 'Business', 'Entrepreneurship and leadership');

-- Books + copies
INSERT INTO Books (BookId, Title, ISBN, Author, Publisher, CategoryId)
VALUES
('10000000-0000-0000-0000-000000000001','The Pragmatic Programmer','9780201616224','Andrew Hunt & David Thomas','Addison-Wesley','00000000-0000-0000-0000-000000000001'),
('10000000-0000-0000-0000-000000000002','Clean Code','9780132350884','Robert C. Martin','Prentice Hall','00000000-0000-0000-0000-000000000001'),
('10000000-0000-0000-0000-000000000003','Design Patterns','9780201633610','Erich Gamma et al.','Addison-Wesley','00000000-0000-0000-0000-000000000001'),
('10000000-0000-0000-0000-000000000004','Introduction to Algorithms','9780262046305','Cormen et al.','MIT Press','00000000-0000-0000-0000-000000000001'),
('10000000-0000-0000-0000-000000000005','Atomic Habits','9780735211292','James Clear','Avery','00000000-0000-0000-0000-000000000004'),
('10000000-0000-0000-0000-000000000006','Deep Work','9781455586691','Cal Newport','Grand Central','00000000-0000-0000-0000-000000000004'),
('10000000-0000-0000-0000-000000000007','To Kill a Mockingbird','9780446310789','Harper Lee','Harper Perennial','00000000-0000-0000-0000-000000000002'),
('10000000-0000-0000-0000-000000000008','1984','9780451524935','George Orwell','Signet Classics','00000000-0000-0000-0000-000000000002'),
('10000000-0000-0000-0000-000000000009','Hands-On Machine Learning','9781098125974','Aurélien Géron','O’Reilly','00000000-0000-0000-0000-000000000003'),
('10000000-0000-0000-0000-000000000010','Python Crash Course','9781593279288','Eric Matthes','No Starch Press','00000000-0000-0000-0000-000000000003');

INSERT INTO BookCopies (BookCopyId, BookId, CopyNumber, ShelfLocation, Status) VALUES
('20000000-0000-0000-0000-000000000001','10000000-0000-0000-0000-000000000001',1,'A-1',0),
('20000000-0000-0000-0000-000000000002','10000000-0000-0000-0000-000000000002',1,'A-2',0),
('20000000-0000-0000-0000-000000000003','10000000-0000-0000-0000-000000000003',1,'A-3',0),
('20000000-0000-0000-0000-000000000004','10000000-0000-0000-0000-000000000004',1,'A-4',0),
('20000000-0000-0000-0000-000000000005','10000000-0000-0000-0000-000000000005',1,'B-1',0),
('20000000-0000-0000-0000-000000000006','10000000-0000-0000-0000-000000000006',1,'B-2',0),
('20000000-0000-0000-0000-000000000007','10000000-0000-0000-0000-000000000007',1,'C-1',0),
('20000000-0000-0000-0000-000000000008','10000000-0000-0000-0000-000000000008',1,'C-2',0),
('20000000-0000-0000-0000-000000000009','10000000-0000-0000-0000-000000000009',1,'D-1',0),
('20000000-0000-0000-0000-000000000010','10000000-0000-0000-0000-000000000010',1,'D-2',0);

-- Students (3 accounts + credentials)
INSERT INTO Users (UserId, FirstName, MiddleName, LastName, ContactNumber, Address, College, Department,
                   Username, PasswordHash, Email, DateCreated, DateUpdated, Role)
VALUES
('30000000-0000-0000-0000-000000000001','John',NULL,'Doe','09123456781','West Campus','Engineering','Computer Science',
 'student','student123','student@example.com',NOW(),NOW(),0),
('30000000-0000-0000-0000-000000000002','Maya','L','Lopez','09123456782','South Village','Business','Entrepreneurship',
 'maya.lopez','maya123','maya@example.com',NOW(),NOW(),0),
('30000000-0000-0000-0000-000000000003','Ethan','C','Park','09123456783','North Tower','Science','Data Science',
 'ethan.park','ethan123','ethan@example.com',NOW(),NOW(),0);

INSERT INTO UserAccounts (UserAccountId, UserId, Username, Email, Password) VALUES
('31000000-0000-0000-0000-000000000001','30000000-0000-0000-0000-000000000001','student','student@example.com','student123'),
('31000000-0000-0000-0000-000000000002','30000000-0000-0000-0000-000000000002','Edzel','maya@example.com','Edzel'),
('31000000-0000-0000-0000-000000000003','30000000-0000-0000-0000-000000000003','Don','ethan@example.com','Don');

-- Clerk + Super Admin
INSERT INTO Clerks (ClerkId, FirstName, MiddleName, LastName, Email, ContactNumber) VALUES
('40000000-0000-0000-0000-000000000001','Jane',NULL,'Admin','librarian@example.com','123456'),
('40000000-0000-0000-0000-000000000002','Alex',NULL,'SuperAdmin','admin@shelfmaster.io','09171234567');

INSERT INTO StaffAccounts (StaffAccountId, ClerkId, Username, Password, Role) VALUES
('41000000-0000-0000-0000-000000000001','40000000-0000-0000-0000-000000000001','librarian','lib123',1),
('41000000-0000-0000-0000-000000000002','40000000-0000-0000-0000-000000000002','superadmin','admin123',2);